Prenom,Nom,Catégorie,Adresse Mail
draco,malefoy,Junior,d.malefoy@baton-rouge.fr
azouz,begag,Semi-Pro,a.begag@baton-rouge.fr
harry,potter,Junior,h.potter@baton-rouge.fr
ron,howard,Non admis,r.howard@baton-rouge.fr
sucre,dorge,Semi-Pro,s.dorge@baton-rouge.fr
eric,lafon,Non admis,e.lafon@baton-rouge.fr
kevin,fortnite,Poussin,k.fortnite@baton-rouge.fr
