Prenom,Nom,Catégorie,Adresse Mail
Prenom,Nom,Catégorie,Adresse Mail

harry,potter,Junior,h.potter@baton-rouge.fr

donald,duck,Pro,d.duck@baton-rouge.fr

hermione,granger,Poussin,h.granger@baton-rouge.fr

gary,oldman,Non admis,g.oldman@baton-rouge.fr

pat,hibulaire,Semi-Pro,p.hibulaire@baton-rouge.fr

hermione,granger,Poussin,h.granger@baton-rouge.fr

mickey,mouse,Poussin,m.mouse@baton-rouge.fr

evelyne,thomas,Cadet,e.thomas@baton-rouge.fr

